{"cameraMode":{"drawMode":0,"name":"Shaded","section":"Shading Mode"},"sceneLighting":false,"audioPlay":false,"sceneViewState":{"showFog":true,"showMaterialUpdate":false,"showSkybox":false,"showFlares":true,"showImageEffects":true,"showParticleSystems":true},"in2DMode":false,"pivot":{"x":0.0,"y":1.1779999732971192,"z":7.275000095367432},"rotation":{"x":-0.1738576740026474,"y":-0.10787124186754227,"z":0.01914297230541706,"w":-0.9786789417266846},"size":0.3511987328529358,"orthographic":false}