{"cameraMode":{"drawMode":0,"name":"Shaded","section":"Shading Mode"},"sceneLighting":true,"audioPlay":false,"sceneViewState":{"showFog":true,"showMaterialUpdate":false,"showSkybox":true,"showFlares":true,"showImageEffects":true,"showParticleSystems":true},"in2DMode":false,"pivot":{"x":-0.48931264877319338,"y":3.6113648414611818,"z":1.5966084003448487},"rotation":{"x":0.49015986919403078,"y":0.33830296993255618,"z":-0.21409209072589875,"w":0.7743544578552246},"size":3.9906809329986574,"orthographic":false}