{"cameraMode":{"drawMode":0,"name":"Shaded","section":"Shading Mode"},"sceneLighting":false,"audioPlay":false,"sceneViewState":{"showFog":true,"showMaterialUpdate":false,"showSkybox":false,"showFlares":true,"showImageEffects":true,"showParticleSystems":true},"in2DMode":false,"pivot":{"x":-0.39163529872894289,"y":1.0879271030426026,"z":7.148345470428467},"rotation":{"x":-0.06074606999754906,"y":-0.43087098002433779,"z":-0.028622478246688844,"w":0.9000539779663086},"size":0.014142131432890892,"orthographic":false}