{"cameraMode":{"drawMode":0,"name":"Shaded","section":"Shading Mode"},"sceneLighting":false,"audioPlay":false,"sceneViewState":{"showFog":true,"showMaterialUpdate":false,"showSkybox":false,"showFlares":true,"showImageEffects":true,"showParticleSystems":true},"in2DMode":false,"pivot":{"x":-0.41121891140937807,"y":1.1214038133621216,"z":7.050029754638672},"rotation":{"x":-0.04761017858982086,"y":-0.349968284368515,"z":-0.017366737127304078,"w":0.9355266690254211},"size":0.014142131432890892,"orthographic":false}