{"cameraMode":{"drawMode":0,"name":"Shaded","section":"Shading Mode"},"sceneLighting":false,"audioPlay":false,"sceneViewState":{"showFog":true,"showMaterialUpdate":false,"showSkybox":false,"showFlares":true,"showImageEffects":true,"showParticleSystems":true},"in2DMode":false,"pivot":{"x":7.709146022796631,"y":2.425891399383545,"z":2.1929235458374025},"rotation":{"x":-0.059734366834163669,"y":-0.9410670399665833,"z":0.23494520783424378,"w":-0.236747145652771},"size":0.4713643789291382,"orthographic":false}