{"cameraMode":{"drawMode":0,"name":"Shaded","section":"Shading Mode"},"sceneLighting":false,"audioPlay":false,"sceneViewState":{"showFog":true,"showMaterialUpdate":false,"showSkybox":false,"showFlares":true,"showImageEffects":true,"showParticleSystems":true},"in2DMode":false,"pivot":{"x":6.650000095367432,"y":0.5743589997291565,"z":0.8389318585395813},"rotation":{"x":0.007998855784535408,"y":0.9838337302207947,"z":-0.17474891245365144,"w":0.04246604070067406},"size":0.757469892501831,"orthographic":false}