{"cameraMode":{"drawMode":0,"name":"Shaded","section":"Shading Mode"},"sceneLighting":true,"audioPlay":false,"sceneViewState":{"showFog":true,"showMaterialUpdate":false,"showSkybox":true,"showFlares":true,"showImageEffects":true,"showParticleSystems":true},"in2DMode":false,"pivot":{"x":-0.41750022768974306,"y":-1.6138197183609009,"z":9.190739631652832},"rotation":{"x":0.24349701404571534,"y":-0.04972055181860924,"z":0.013745053671300412,"w":0.9687809944152832},"size":3.99054217338562,"orthographic":false}